задача,признаки,модель,accuracy,macro_F1,AUC
en: human vs ai,Profiling-UD,LogReg,0.842,0.8419955056499384,0.9189837777777778
en: human vs ai,Profiling-UD,SVM,0.841,0.8409253232767604,0.9209922222222221
en: human vs ai,Profiling-UD,RF,0.8116666666666666,0.8115425150635347,0.8934797777777779
en: human vs ai,Profiling-UD,XGBoost,0.836,0.8359647141874075,0.9137535555555555
en: human vs ai,"Profiling-UD, информативные",LogReg,0.813,0.812990836550991,0.8827344444444445
en: human vs ai,"Profiling-UD, информативные",SVM,0.8113333333333334,0.8112474299414489,0.8785224444444444
en: human vs ai,"Profiling-UD, информативные",RF,0.803,0.8029595191278742,0.8752668888888888
en: human vs ai,"Profiling-UD, информативные",XGBoost,0.7986666666666666,0.7986437568007738,0.8745091111111111
en: human vs ai,LM и лексика,LogReg,0.719,0.7189984701027816,0.7857828888888889
en: human vs ai,LM и лексика,SVM,0.722,0.7218570963570616,0.7841388888888888
en: human vs ai,LM и лексика,RF,0.7026666666666667,0.702522687647488,0.765900888888889
en: human vs ai,LM и лексика,XGBoost,0.6936666666666667,0.69355604039725,0.7640468888888889
en: human vs ai,Profiling-UD + LM и лексика,LogReg,0.863,0.862998766988903,0.9383544444444444
en: human vs ai,Profiling-UD + LM и лексика,SVM,0.867,0.8669336294514007,0.9400051111111112
en: human vs ai,Profiling-UD + LM и лексика,RF,0.831,0.8308998739364675,0.9098597777777777
en: human vs ai,Profiling-UD + LM и лексика,XGBoost,0.8563333333333333,0.8563199072268864,0.9328882222222223
en: human vs ai,только длина,LogReg,0.5136666666666667,0.512261926822797,0.5134737777777778
en: human vs ai,только длина,SVM,0.5806666666666667,0.573076923076923,0.6020746666666666
en: human vs ai,только длина,RF,0.5413333333333333,0.5412988797825259,0.5515144444444444
en: human vs ai,только длина,XGBoost,0.5146666666666667,0.5142098079794153,0.5250315555555556
en: human vs ai,TF-IDF слов,LogReg,0.948,0.9479629959082014,0.9839175555555556
en: human / ai / hybrid,Profiling-UD,LogReg,0.6006666666666667,0.5944998320746507,0.7814942222222222
en: human / ai / hybrid,Profiling-UD,SVM,0.5971111111111111,0.5849659640031912,0.7795936296296295
en: human / ai / hybrid,Profiling-UD,RF,0.5706666666666667,0.5584605619248041,0.757167
en: human / ai / hybrid,Profiling-UD,XGBoost,0.5944444444444444,0.5871337331523917,0.7755941481481482
en: human / ai / hybrid,"Profiling-UD, информативные",LogReg,0.5702222222222222,0.5610316301699202,0.7505959999999999
en: human / ai / hybrid,"Profiling-UD, информативные",SVM,0.5615555555555556,0.5535643284625387,0.743255111111111
en: human / ai / hybrid,"Profiling-UD, информативные",RF,0.558,0.5517549181960352,0.7413627407407407
en: human / ai / hybrid,"Profiling-UD, информативные",XGBoost,0.5624444444444444,0.557431068434974,0.7455381851851852
en: human / ai / hybrid,LM и лексика,LogReg,0.5004444444444445,0.4856300499394422,0.6740127407407407
en: human / ai / hybrid,LM и лексика,SVM,0.49422222222222223,0.4771175161374431,0.6680670370370371
en: human / ai / hybrid,LM и лексика,RF,0.4637777777777778,0.4567189955171092,0.6459135555555555
en: human / ai / hybrid,LM и лексика,XGBoost,0.46244444444444444,0.45413255449189754,0.6489064074074073
en: human / ai / hybrid,Profiling-UD + LM и лексика,LogReg,0.6384444444444445,0.6339021522379483,0.8087392592592592
en: human / ai / hybrid,Profiling-UD + LM и лексика,SVM,0.6337777777777778,0.6265375200932511,0.8081502222222222
en: human / ai / hybrid,Profiling-UD + LM и лексика,RF,0.586,0.5735440676702547,0.7717633703703703
en: human / ai / hybrid,Profiling-UD + LM и лексика,XGBoost,0.6208888888888889,0.6129444183319994,0.8001914814814816
en: human / ai / hybrid,только длина,LogReg,0.3446666666666667,0.31544762752095873,0.506960962962963
en: human / ai / hybrid,только длина,SVM,0.3844444444444444,0.32508127884855514,0.5470974074074074
en: human / ai / hybrid,только длина,RF,0.36822222222222223,0.3681577884984432,0.5333760740740741
en: human / ai / hybrid,только длина,XGBoost,0.34644444444444444,0.346469437784579,0.5165043333333333
en: human / ai / hybrid,TF-IDF слов,LogReg,0.7006666666666667,0.670559188474106,0.874836962962963
ru: human vs ai,Profiling-UD,LogReg,0.93375,0.9089258186950759,0.9631319444444444
ru: human vs ai,Profiling-UD,SVM,0.9397916666666667,0.9181781713965587,0.9786675925925926
ru: human vs ai,Profiling-UD,RF,0.9247916666666667,0.8920679874510349,0.9722984953703705
ru: human vs ai,Profiling-UD,XGBoost,0.9389583333333333,0.9153989695926548,0.9793129629629629
ru: human vs ai,"Profiling-UD, информативные",LogReg,0.9170833333333334,0.8832483934431359,0.938119212962963
ru: human vs ai,"Profiling-UD, информативные",SVM,0.9239583333333333,0.8946738071252569,0.9615188657407406
ru: human vs ai,"Profiling-UD, информативные",RF,0.9204166666666667,0.8873710073710074,0.9657667824074073
ru: human vs ai,"Profiling-UD, информативные",XGBoost,0.9272916666666666,0.899352079008618,0.9664840277777778
ru: human vs ai,LM и лексика,LogReg,0.8539583333333334,0.7743531816650694,0.8239240740740741
ru: human vs ai,LM и лексика,SVM,0.87125,0.8032410570327659,0.8758219907407407
ru: human vs ai,LM и лексика,RF,0.8608333333333333,0.7870028705189493,0.8678467592592594
ru: human vs ai,LM и лексика,XGBoost,0.8629166666666667,0.7943216521785338,0.8751881944444445
ru: human vs ai,Profiling-UD + LM и лексика,LogReg,0.9397916666666667,0.9175998411397168,0.9698756944444444
ru: human vs ai,Profiling-UD + LM и лексика,SVM,0.9475,0.9289627909730125,0.9817756944444443
ru: human vs ai,Profiling-UD + LM и лексика,RF,0.9279166666666666,0.8967225580369724,0.9732775462962963
ru: human vs ai,Profiling-UD + LM и лексика,XGBoost,0.944375,0.9231864624051496,0.980584722222222
ru: human vs ai,только длина,LogReg,0.853125,0.7490678843300829,0.693431712962963
ru: human vs ai,только длина,SVM,0.8775,0.8058464007290665,0.8511199074074074
ru: human vs ai,только длина,RF,0.8766666666666667,0.8156164843638678,0.8387401620370372
ru: human vs ai,только длина,XGBoost,0.8702083333333334,0.802607594340124,0.837607638888889
ru: human vs ai,TF-IDF слов,LogReg,0.9529166666666666,0.9335778445863616,0.9928694444444445
ru: human / gpt / llama / gemma,Profiling-UD,LogReg,0.7870833333333334,0.7875809558870097,0.9423487847222223
ru: human / gpt / llama / gemma,Profiling-UD,SVM,0.8214583333333333,0.8215170925595316,0.9580118634259259
ru: human / gpt / llama / gemma,Profiling-UD,RF,0.7925,0.7936139849198538,0.9479469618055556
ru: human / gpt / llama / gemma,Profiling-UD,XGBoost,0.8160416666666667,0.8164242634565033,0.9596814814814816
ru: human / gpt / llama / gemma,"Profiling-UD, информативные",LogReg,0.70375,0.7040836877899209,0.8947277777777778
ru: human / gpt / llama / gemma,"Profiling-UD, информативные",SVM,0.7522916666666667,0.7528762364831372,0.9292671875
ru: human / gpt / llama / gemma,"Profiling-UD, информативные",RF,0.744375,0.7453225363629076,0.9273142939814815
ru: human / gpt / llama / gemma,"Profiling-UD, информативные",XGBoost,0.7602083333333334,0.7609320467020408,0.9348447337962964
ru: human / gpt / llama / gemma,LM и лексика,LogReg,0.5541666666666667,0.5527756808446396,0.7975999421296296
ru: human / gpt / llama / gemma,LM и лексика,SVM,0.605,0.6046651648180569,0.8457524305555556
ru: human / gpt / llama / gemma,LM и лексика,RF,0.5960416666666667,0.5937386491769346,0.8304485532407407
ru: human / gpt / llama / gemma,LM и лексика,XGBoost,0.5935416666666666,0.5910171086187369,0.8369603009259259
ru: human / gpt / llama / gemma,Profiling-UD + LM и лексика,LogReg,0.8154166666666667,0.8157308654954432,0.9549207175925927
ru: human / gpt / llama / gemma,Profiling-UD + LM и лексика,SVM,0.84125,0.8412607430961291,0.9655056712962964
ru: human / gpt / llama / gemma,Profiling-UD + LM и лексика,RF,0.8114583333333333,0.8129906300304314,0.9556567129629632
ru: human / gpt / llama / gemma,Profiling-UD + LM и лексика,XGBoost,0.8352083333333333,0.8357783106325416,0.9662070601851853
ru: human / gpt / llama / gemma,только длина,LogReg,0.5460416666666666,0.5424461920552763,0.7542064814814815
ru: human / gpt / llama / gemma,только длина,SVM,0.588125,0.5796766170815273,0.8210755208333335
ru: human / gpt / llama / gemma,только длина,RF,0.565,0.5605120142427084,0.7964020833333333
ru: human / gpt / llama / gemma,только длина,XGBoost,0.5714583333333333,0.5651119727791606,0.8028955439814814
ru: human / gpt / llama / gemma,TF-IDF слов,LogReg,0.9258333333333333,0.9255529203712412,0.9906635416666667
