признак,mean_human,mean_ai,r_pb,cliff_d,p,p_fdr,эффект
char_per_tok,5.331652556382888,5.785775530476705,0.5038988454238071,0.5980173333333333,6.003106248167073e-177,5.522857748313708e-175,большой
upos_dist_AUX,3.959472587728064,2.6158343659374172,-0.43526632094325507,-0.5207057777777778,1.2058975467517304e-134,5.54712871505796e-133,большой
dep_dist_cop,1.2389140126543967,0.6301558739926776,-0.3701420793053938,-0.43633422222222223,4.718595381480699e-96,1.4470359169874144e-94,средний
ttr_lemma_chunks_100,0.6813915732959851,0.721676230464194,0.35799293298967216,0.4187038006245185,9.175872662795446e-84,1.688360569954362e-82,средний
lexical_density,0.5898365791285438,0.6239807932110317,0.3525424867524767,0.41700088888888887,4.71708643678642e-87,1.0849298804608767e-85,средний
ttr_lemma_chunks_200,0.5881394389438944,0.6240359168241966,0.336609939136287,0.39728112697848234,6.258514749631748e-31,2.6171970771187307e-30,средний
ttr_form_chunks_100,0.712014472455649,0.7454843713552601,0.30984443445573573,0.3649243462255441,4.3566655809268665e-64,6.680220557421196e-63,средний
ttr_form_chunks_200,0.623296204620462,0.6542722117202269,0.30118609951141684,0.35637949428213145,3.2640078582053353e-25,1.2011548918195634e-24,средний
avg_verb_edges,2.810168286286123,2.539220015650765,-0.2852721396313148,-0.3393213333333333,2.8335009230536208e-58,3.724029784584758e-57,средний
verbal_root_perc,77.66231907681664,87.6708411958412,0.300644271930814,0.3311662222222222,1.2282747045296141e-57,1.4125159102090562e-56,средний
dep_dist_aux:pass,1.3636966261370314,0.9045771493829016,-0.25926817576472544,-0.3161764444444444,5.731370511474626e-51,5.858734300618507e-50,малый
verbs_verbform_dist_Fin,45.3955906191755,40.116365618124426,-0.26661602230145626,-0.31287377777777775,7.958773265756025e-50,7.322071404495543e-49,малый
verbs_verbform_dist_Ger,6.210143681170499,9.685151568982086,0.2627615366869265,0.3103248888888889,2.11547729280093e-49,1.7693082812516866e-48,малый
verbs_verbform_dist_Part,33.31594147772405,38.78666787640245,0.24968816823854237,0.2974266666666667,3.4095535531464285e-45,2.613991057412262e-44,малый
dep_dist_acl,1.1118018260794174,1.55644841449931,0.24679761666991268,0.296196,7.634540708551257e-45,5.402905732205505e-44,малый
dep_dist_obj,3.3204271215479495,4.144944022710431,0.24424590347720948,0.28445155555555557,1.7795503772218934e-41,1.1694188193172442e-40,малый
dep_dist_nsubj:pass,1.2138899007749782,0.8430081522112244,-0.22423684164806007,-0.27065422222222224,7.239940072656358e-38,4.4404965778959e-37,малый
principal_proposition_dist,51.94402365962472,46.75759032336477,-0.2346220021081441,-0.26671333333333336,9.805072500850768e-37,5.011481500434837e-36,малый
subordinate_proposition_dist,48.05597634037527,53.24240967663523,0.23462200210814416,0.26671333333333336,9.805072500850768e-37,5.011481500434837e-36,малый
dep_dist_advcl,1.276934251620325,1.7073181463680915,0.22685406933393304,0.2655017777777778,2.2724059858215646e-36,1.1003228983978102e-35,малый
upos_dist_VERB,8.140800473770414,9.15940584225351,0.23006462533961264,0.2641031111111111,5.4203111597033566e-36,2.493343133463544e-35,малый
verbs_verbform_dist_Inf,15.078324221929938,11.411814936491036,-0.21624031458623316,-0.25077955555555553,1.2004963543315376e-32,5.259317361833403e-32,малый
upos_dist_PRON,2.0192820792333612,1.484311316389001,-0.20101646979713722,-0.24342044444444444,7.6654697967475805e-31,3.0661879186990322e-30,малый
verb_edges_dist_1,15.779024719238611,19.649373963540004,0.1945376800789088,0.22794444444444445,2.958237015751831e-27,1.133990856038202e-26,малый
dep_dist_amod,8.932826153838773,9.901595470886896,0.18517046482277177,0.21181511111111112,9.607007633497622e-24,3.3994027010837743e-23,малый
dep_dist_acl:relcl,0.7140501566277954,0.49369987868997367,-0.18622583528543607,-0.20470488888888888,6.980566470995374e-23,2.3785633901169423e-22,малый
dep_dist_parataxis,0.22952690128404948,0.08372775224004346,-0.21390493862377147,-0.20284,1.8398930532897672e-37,1.0579385056416161e-36,малый
verbal_head_per_sent,2.615718614160925,2.8273580586080582,0.141313220066826,0.19884355555555555,3.936496251462481e-21,1.2934201969091009e-20,малый
upos_dist_PUNCT,15.900485456361595,17.38457324525693,0.15811659063949118,0.1965088888888889,1.1670521083397019e-20,3.70237220576733e-20,малый
dep_dist_punct,15.90853348079198,17.39112621968746,0.15796508669930692,0.19624977777777777,1.3102593406145242e-20,4.0181286445512077e-20,малый
dep_dist_aux,1.3430868313965614,1.0765997612437035,-0.15347730716445968,-0.1691728888888889,9.611545909051175e-16,2.8524587859119615e-15,малый
verbs_mood_dist_Ind,39.57955921751051,36.54678192313991,-0.14393651683763697,-0.158012,6.624579248177075e-14,1.9045665338509091e-13,малый
upos_dist_DET,7.68079271259829,6.9643954034818405,-0.1342374975781372,-0.1572071111111111,8.936939777382408e-14,2.4915104833914594e-13,малый
verb_edges_dist_6,7.268395766849285,5.336618430510589,-0.13791015282183444,-0.15231111111111112,1.3840071519354274e-13,3.744960528766451e-13,малый
dep_dist_det,7.577996404018595,6.9213593300408744,-0.12445199124568407,-0.14556711111111112,5.066845612352228e-12,1.331856560961157e-11,нет
verbs_tense_dist_Pres,39.83499717557162,42.644030879699905,0.1092517496036978,0.1450311111111111,6.027271255801763e-12,1.5403026542604505e-11,нет
verb_edges_dist_4,15.872337853977827,13.670309907484906,-0.12572875480292248,-0.14102977777777778,2.2095860656183194e-11,5.494105892888794e-11,нет
dep_dist_advmod,3.2621340386620306,2.866638281366626,-0.1304051540552264,-0.14045555555555556,2.714509988770652e-11,6.571971551760526e-11,нет
upos_dist_ADV,3.1947909934125867,2.8340578790505147,-0.124162644331016,-0.1363871111111111,9.909186564906032e-11,2.337551702490654e-10,нет
verb_edges_dist_0,9.605798785406476,11.375985514343537,0.10848350557729203,0.135164,1.246828038780389e-10,2.867704489194895e-10,нет
upos_dist_PART,1.4209422621312673,1.1832764721781286,-0.12159408187844142,-0.12755866666666665,1.4123636190485058e-09,3.1692061695722572e-09,нет
verbs_person_dist_3,38.31072317075721,35.88225971224263,-0.11556778692049917,-0.126808,1.7994458322528771e-09,3.94164325160154e-09,нет
verb_edges_dist_5,9.921780777602205,8.304545536349579,-0.1105509104166259,-0.1236368888888889,3.980426024800804e-09,8.516260332131952e-09,нет
upos_dist_ADJ,9.419811452912006,10.007932493390248,0.10705068209871416,0.11971466666666666,1.3659413011778092e-08,2.7925911046301878e-08,нет
dep_dist_nmod:poss,0.5542643396636665,0.6857966036735657,0.08860914458708496,0.11421111111111111,2.828346042795964e-08,5.656692085591928e-08,нет
dep_dist_cc,3.803209870923767,3.5043855776350346,-0.09065080132464154,-0.10492622222222223,6.482931094924264e-07,1.2425617931938174e-06,нет
upos_dist_CCONJ,3.41386636619159,3.156394082032661,-0.09085335854778501,-0.102144,1.2706158316533486e-06,2.3856460512675116e-06,нет
verb_edges_dist_2,20.274491200500723,22.08577032394063,0.08776506172535828,0.10098933333333333,1.6618497056048744e-06,2.9978465277578127e-06,нет
dep_dist_conj,5.439082511109074,4.984972167249024,-0.07677357125996712,-0.100204,2.011314601902467e-06,3.5584796802889804e-06,нет
avg_max_depth,5.560705757901904,5.663240802715801,0.054916125232916536,0.08808755555555556,2.9320065787717576e-05,5.089520853717013e-05,нет
verb_edges_dist_3,21.278170896424864,19.577396323830747,-0.08213313970981156,-0.08292133333333333,8.369284774219771e-05,0.00013999530895058527,нет
avg_token_per_clause,13.011057448964717,12.449058431199164,-0.07112985716405851,-0.082748,8.69434354328163e-05,0.00014283564392534106,нет
upos_dist_NOUN,24.85768762382018,25.480016325790896,0.06412573518937582,0.0764751111111111,0.00028683317827367806,0.00045497676553755826,нет
upos_dist_ADP,10.29872238666975,9.979854101803411,-0.06775503403586931,-0.07231422222222222,0.0006045200965834382,0.0009269308147612719,нет
verbs_person_dist_1,1.163189230033127,0.5945503587667111,-0.09360981830233056,-0.07213288888888889,6.762432469639026e-09,1.4139631527427054e-08,нет
max_links_len,32.59133333333333,30.67866666666667,-0.06791671251240917,-0.07004533333333333,0.000889355661790488,0.0013196890465278209,нет
dep_dist_ccomp,0.23966178786778142,0.19062712628831663,-0.06651097462700808,-0.06728266666666667,0.00015664244133800206,0.0002528263965455472,нет
dep_dist_mark,2.2245021697862435,2.070913027931092,-0.06264367135378449,-0.058834222222222225,0.005265294066133849,0.007452416216681755,нет
subordinate_pre,8.466071068946658,8.945565273294779,0.02289620609504519,0.05743111111111111,0.004278458269007417,0.0061502837616981615,нет
dep_dist_fixed,0.5572464082890412,0.4803394190015738,-0.06984928483988928,-0.056118666666666664,0.006348331943565562,0.008849189981939875,нет
dep_dist_nsubj,3.5650482265436683,3.4065107706472095,-0.0630127819448238,-0.05530888888888889,0.008713930524504188,0.011965397138125155,нет
dep_dist_root,3.2562014575081775,3.2938336299578257,0.02499776687380806,0.05340177777777778,0.011320769468162227,0.01509435929088297,нет
tokens_per_sent,33.05480617438989,31.651665394790392,-0.081703622875958,-0.05340177777777778,0.011320769468162227,0.01509435929088297,нет
dep_dist_csubj,0.12410236409058291,0.1593419593580664,0.059902861785967494,0.053399555555555554,0.000846078515833924,0.0012760528435528035,нет
upos_dist_SYM,0.24436121518561207,0.19850210871118182,-0.048640306084725,-0.05289822222222222,0.0015370771477072117,0.002244620596651801,нет
verbs_mood_dist_Imp,0.6127064616802286,0.2871344482214743,-0.08239892821804418,-0.05267288888888889,5.7665857846045696e-08,1.1287784940077029e-07,нет
subj_pre,97.46185495837409,97.90761934082897,0.039868985945188756,0.05204266666666667,0.0003788189326392547,0.0005907007085222276,нет
dep_dist_compound,6.615818573934181,6.832515363810659,0.03481352889660022,0.05044711111111111,0.01673409329133201,0.021993379754322067,нет
avg_subordinate_chain_len,1.1547968711463203,1.1621302723573521,0.023379697099318572,0.04710577777777778,0.023552728891777768,0.03051902898652894,нет
dep_dist_nummod,0.5946206313454993,0.5304024821360713,-0.03696466466821291,-0.03952088888888889,0.04713055809544223,0.06022237978862063,нет
avg_prepositional_chain_len,1.222121905922202,1.2069110194001766,-0.041376390793466625,-0.03807911111111111,0.06991760148719457,0.08596635563371935,нет
dep_dist_xcomp,0.5768205900610328,0.5215965800349494,-0.04702775373690551,-0.03731511111111111,0.07008126817966251,0.08596635563371935,нет
avg_links_len,3.315609849196222,3.2951562122901867,-0.016054805142301794,-0.033584,0.11121792248577364,0.13463222195646282,нет
obj_post,99.00785051231753,99.53340992340992,0.043369173276730635,0.03269422222222222,1.3933181994982865e-06,2.5637054870768473e-06,нет
dep_dist_iobj,0.02718579703413647,0.01154682976159106,-0.0753253661235192,-0.029323111111111112,4.200837137645857e-05,7.156981790063312e-05,нет
upos_dist_PROPN,3.9717918371419874,4.072464563402321,0.013993175222044976,0.028548,0.17544111550139407,0.2096179561834838,нет
n_tokens,228.25266666666667,222.726,-0.03746714228486338,-0.027814666666666668,0.187122438214685,0.22070851686860282,нет
upos_dist_SCONJ,1.1921796307089056,1.2061540294978734,0.008433156947469676,0.02733288888888889,0.19457715141476561,0.22659617633111945,нет
dep_dist_flat,0.3826914867444912,0.35020242095721793,-0.02177122738524193,-0.023062666666666665,0.19906560494225178,0.22892544568358955,нет
dep_dist_case,10.362007676486842,10.270908843805485,-0.019078424424237204,-0.015886666666666667,0.4511941847707688,0.5062178658403748,нет
verbs_tense_dist_Past,32.94678811797312,32.54991921800917,-0.014012063264730881,-0.01256488888888889,0.5512152310041736,0.5999607961906054,нет
dep_dist_obl,4.014404702619422,4.039414455637533,0.008769309077224037,0.012468444444444445,0.5543116051761028,0.5999607961906054,нет
avg_max_links_len,16.18860982245919,15.84982053964554,-0.03146395022352781,-0.011377777777777778,0.5894792022349283,0.6306056582048071,нет
upos_dist_X,0.7403767049121677,0.770560036674674,0.008090444422254124,0.010079111111111112,0.5381695353807747,0.596525268132907,нет
upos_dist_INTJ,0.008100629232738233,0.004651185823122235,-0.027587000664644836,-0.007303111111111111,0.07003458736274652,0.08596635563371935,нет
n_prepositional_chains,1.5192030655407223,1.4846656056906056,-0.030556633391126325,-0.007076444444444444,0.7370101779002483,0.7793670846761246,нет
dep_dist_appos,0.9111767901472692,0.919836279708067,0.005234833145382723,0.006588,0.7531901350649881,0.7810283486534217,нет
n_sentences,7.309333333333333,7.240666666666667,-0.013052793236475561,0.006513777777777778,0.7555600329364623,0.7810283486534217,нет
upos_dist_NUM,3.536535587989483,3.497616548326271,-0.008910376000865878,-0.0035302222222222224,0.8670482291629493,0.8863159675887926,нет
verbs_person_dist_2,0.03681634713074638,0.013789971829187515,-0.02371416252904582,-0.0026675555555555554,0.283924786760279,0.32248247385118106,нет
dep_dist_nmod,5.651766594886918,5.620335974987005,-0.008062104707511718,0.0017813333333333333,0.9326898843593265,0.9429392237478906,нет
verbs_voice_dist_Pass,22.677611392652462,22.698899569736824,0.001076455990928604,-0.0006484444444444444,0.9754806350925613,0.9754806350925613,нет
